﻿"Variable / Field Name","Form Name","Section Header","Field Type","Field Label","Choices, Calculations, OR Slider Labels","Field Note","Text Validation Type OR Show Slider Number","Text Validation Min","Text Validation Max",Identifier?,"Branching Logic (Show field only if...)","Required Field?","Custom Alignment","Question Number (surveys only)","Matrix Group Name","Matrix Ranking?","Field Annotation"
desc_ec,econsent,"<div class=""rich-text-field-label""><h5 style=""text-align: center;"">Study Consent</h5></div>",descriptive,"<div class=""rich-text-field-label""><p style=""text-align: center;""><span style=""color: #ba372a;"">* Our Policy Statement Regarding your Provision of your Electronic Signature *</span></p> <p style=""text-align: left;""><span style=""color: #ba372a;"">The parties agree that this informed consent form may be electronically signed. The parties agree that the electronic signatures appearing on this informed consent form are the same as handwritten signatures for the purposes of validity, enforceability, and admissibility.  As the individual completing and signing this form, you will be soley and fully responsible for actions initiated under your electronic signature.</span></p></div>",,,,,,,,,,,,,
ec_email_notice,econsent,,descriptive,"
* All study participants are legally required to receive a completed and signed copy of any consent form which they complete. The following two fields, Email and Phone Number, are not required, but are needed in order to send you an emailed PDF copy of your completed and signed consent form.  If these fields are not completed, we will need to mail you a paper copy of your completed and signed consent form.  We are legally obligated to remind you that while email is convenient, it is not legally considered a secure form of communication. *

",,,,,,,,,,,,,
ec_em_ph_agree,econsent,,radio,"By providing my email address and phone number, I give permission for Atrium Health and its representative (including third-party agents if applicable) to send me information, reminders, and messages using either of these means of communication. I authorize Atrium Health to send me unencrypted messages using this means of communication, and I understand and accept the risks associated with doing so. Email is not to be used for emergency situations.

","1, I agree and accept | 0, I do not agree and do not accept",,,,,,,y,LH,,,,
email_ec,econsent,,text,Email:,,,,,,,"[ec_em_ph_agree] = 1",y,,,,,
email_warn,econsent,,descriptive,"<p style=""text-align: center;""><span style=""color: #ba372a; font-size: 20px;""><i class=""fas fa-exclamation-circle""></i><br /><br />The email address that you have entered does not match the email address to which the invitation email for this eConsent process was sent. Note, they are case-sensitive.  Please update your email address accordingly.<br /><br /><i class=""fas fa-exclamation-circle""></i></span></p>",,,,,,,"[email] <> """" AND [email_ec] <> """" AND ([email] != [email_ec])",,,,,,
phone_ec,econsent,,text,"Phone Number:",,,phone,,,,"[ec_em_ph_agree] = 1",y,,,,,
ec_pdf_1,econsent,,descriptive,"<div class=""rich-text-field-label""><p>Upload Consent Document - Page 1 <span style=""color: #ba372a;"">(setup required)</span>:</p></div>",,,,,,,,,,,,,
ec_va,econsent,,descriptive,"<div class=""rich-text-field-label""><p>Upload Video or Audio <span style=""color: #ba372a;"">(delete if not needed)</span></p></div>",,,,,,,,,,,,,
ec_hcon_desc_1,econsent,"<div class=""rich-text-field-label""><h5 style=""text-align: center;"">HIPAA Consent<span style=""color: #008c95;""><br /><span style=""color: #ba372a;"">(delete if not needed)</span><br /></span></h5></div>",descriptive,"<div class=""rich-text-field-label""><p><span style=""color: #ba372a;""><span style=""color: #000000;"">HIPAA Consent Document</span> - </span>Page 1 <span style=""color: #ba372a;"">(delete if not needed)</span>:</p></div>",,,,,,,,,,,,,
agree_ec,econsent,"<div class=""rich-text-field-label""><h5 style=""text-align: center;"">Signature & Confirmation of Consent</h5></div>",radio,"<div class=""rich-text-field-label""><p>I certify and agree to the above responses, material, and consent documents.  This includes:<br /><br /></p> <ul> <li>Use of my email address and phone number for study communications</li> <li>Study Consent Form</li> <li>HIPAA Consent Form</li> </ul></div>","1, I Agree | 0, I Do Not Agree",,,,,,"[ec_em_ph_agree] = ""1""",y,LH,,,,
agree_ec_2,econsent,,radio,"<div class=""rich-text-field-label""><p>I certify and agree to the above responses, material, and consent documents.  This includes:<br /><br /></p> <ul> <li>Study Consent Form</li> <li>HIPAA Consent Form</li> </ul></div>","1, I Agree | 0, I Do Not Agree",,,,,,"[ec_em_ph_agree] = ""0""",y,LH,,,,
fname_ec,econsent,,text,"First Name of Participant:",,,,,,y,"[agree_ec] = 1 OR [agree_ec_2] = 1",y,,,,,
lar_fname_ec,econsent,,text,"First Name of LAR:",,,,,,y,"([agree_ec] = 1 OR [agree_ec_2] = 1) AND [lar_yn] = '1'",y,,,,,
lname_ec,econsent,,text,"Last Name of Participant:",,,,,,y,"[agree_ec] = 1 OR [agree_ec_2] = 1",y,,,,,
lar_lname_ec,econsent,,text,"Last Name of LAR:",,,,,,y,"([agree_ec] = 1 OR [agree_ec_2] = 1) AND [lar_yn] = '1'",y,,,,,
brthdat_ec,econsent,,text,"Date of Birth of Participant:",,,date_mdy,,,y,"[agree_ec] = 1 OR [agree_ec_2] = 1",y,,,,,
lar_brthdat_ec,econsent,,text,"Date of Birth of LAR:",,,date_mdy,,,y,"([agree_ec] = 1 OR [agree_ec_2] = 1) AND [lar_yn] = '1'",y,,,,,
sig_ec,econsent,,file,"Participant Consent Signature:",,,signature,,,,"[agree_ec] = 1 OR [agree_ec_2] = 1 AND [lar_yn] = '0'",y,,,,,
lar_sig_ec,econsent,,file,"LAR Consent Signature:",,,signature,,,,"([agree_ec] = 1 OR [agree_ec_2] = 1) AND [lar_yn] = '1'",y,,,,,
sig_cnf_p,econsent,,text,"Participant Signature Confirmation",,,,,,,,,,,,," @HIDDEN-PDF @HIDDEN-SURVEY @CALCTEXT(if([sig_ec] <> """", ""Yes"", ""No""))"
sig_cnf_lar,econsent,,text,"LAR Signature Confirmation",,,,,,,,,,,,," @HIDDEN-PDF @HIDDEN-SURVEY @CALCTEXT(if([lar_sig_ec] <> """" , ""Yes"", ""No""))"
ec_ver,econsent,,text,"eConsent Version:",,,,,,,,y,,,,," @HIDDEN-SURVEY @DEFAULT = ""Version 1.0"""
